Current,Position,PosTgt,Speed,PosEst,DistEst,CurrentTgt,Voltage,Current-A,Channel 10
44,13104,0,-69281,13111,-2250,-366,-11989,0,1.34351e+07
29,12969,0,-69487,12972,-2234,-349,-11989,0,1.34351e+07
34,12825,0,-69433,12833,-2216,-358,-11989,0,1.34351e+07
34,12690,0,-69508,12694,-2201,-341,-11989,0,1.34351e+07
49,12555,0,-69094,12556,-2185,-344,-11989,0,1.34351e+07
27,12411,0,-69170,12417,-2163,-351,-11989,0,1.34351e+07
32,12276,0,-69560,12278,-2143,-334,-11989,0,1.34351e+07
36,12132,0,-69284,12140,-2126,-342,-11989,0,1.34351e+07
43,11997,0,-69653,11999,-2103,-325,-11989,0,1.34351e+07
43,11853,0,-69430,11860,-2076,-334,-11989,0,1.34351e+07
25,11718,0,-69356,11721,-2059,-316,-11989,0,1.34351e+07
35,11574,0,-69055,11582,-2040,-328,-11989,0,1.34351e+07
29,11439,0,-69515,11444,-2021,-310,-11989,0,1.34351e+07
49,11304,0,-69392,11305,-2001,-312,-11989,0,1.34351e+07
34,11160,0,-69007,11167,-1981,-320,-11989,0,1.34351e+07
45,11025,0,-69003,11029,-1960,-301,-11989,0,1.34351e+07
24,10881,0,-69683,10890,-1935,-309,-11989,0,1.34351e+07
25,10746,0,-69480,10750,-1913,-292,-11989,0,1.34351e+07
31,10611,0,-69054,10612,-1895,-294,-11989,0,1.34351e+07
39,10467,0,-69151,10473,-1872,-303,-11989,0,1.34351e+07
52,10332,0,-69922,10334,-1848,-284,-11989,0,1.34351e+07
28,10188,0,-69367,10195,-1827,-294,-11989,0,1.34351e+07
35,10053,0,-69815,10056,-1805,-273,-11989,0,1.34351e+07
32,9909,0,-69544,9916,-1779,-286,-11989,0,1.34351e+07
44,9774,0,-69534,9777,-1756,-264,-11989,0,1.34351e+07
25,9630,0,-69491,9638,-1734,-275,-11989,0,1.34351e+07
43,9495,0,-69132,9499,-1711,-256,-11989,0,1.34351e+07
28,9351,0,-69779,9360,-1685,-265,-11989,0,1.34351e+07
29,9216,0,-69904,9218,-1663,-244,-11989,0,1.34351e+07
28,9072,0,-69099,9080,-1640,-250,-11989,0,1.34351e+07
39,8937,0,-69459,8941,-1616,-258,-11989,0,1.34351e+07
24,8802,0,-69246,8802,-1591,-247,-11989,0,1.34351e+07
26,8658,0,-69461,8664,-1569,-223,-11989,0,1.34351e+07
31,8523,0,-69358,8525,-1542,-226,-11989,0,1.34351e+07
31,8379,0,-69414,8387,-1512,-238,-11989,0,1.34351e+07
39,8244,0,-69662,8248,-1479,-211,-11989,0,1.34351e+07
28,8100,0,-69240,8109,-1452,-225,-11989,0,1.34351e+07
43,7965,0,-68985,7970,-1429,-226,-11989,0,1.34351e+07
29,7830,0,-69438,7832,-1405,-201,-11989,0,1.34351e+07
36,7686,0,-68872,7694,-1383,-214,-11989,0,1.34351e+07
35,7551,0,-69186,7555,-1354,-183,-11989,0,1.34351e+07
45,7416,0,-69592,7417,-1318,-195,-11989,0,1.34351e+07
27,7272,0,-69383,7278,-1286,-165,-11989,0,1.34351e+07
28,7137,0,-69438,7140,-1246,-171,-11989,0,1.34351e+07
31,6993,0,-68941,7001,-1210,-186,-11989,0,1.34351e+07
34,6858,0,-69642,6862,-1171,-149,-11989,0,1.34351e+07
58,6714,0,-69485,6723,-1131,-169,-11989,0,1.34351e+07
29,6579,0,-69392,6584,-1089,-132,-11989,0,1.34351e+07
43,6435,0,-69576,6442,-1045,-152,-11989,0,1.34351e+07
28,6300,0,-69889,6303,-1006,-111,-11989,0,1.34351e+07
36,6156,0,-69647,6164,-967,-135,-11989,0,1.34351e+07
37,6021,0,-69360,6024,-931,-99,-11989,0,1.34351e+07
43,5877,0,-69475,5886,-889,-124,-11989,0,1.34351e+07
25,5742,0,-69617,5748,-838,-61,-11989,0,1.34351e+07
32,5598,0,-69478,5609,-779,-99,-11989,0,1.34351e+07
26,5463,0,-69495,5470,-726,35,-11989,0,1.34351e+07
41,5328,0,-69185,5333,-661,-15,-11989,0,1.34351e+07
40,5184,0,-69456,5195,-571,-73,-11989,0,1.34351e+07
35,5049,0,-69510,5057,-471,81,-11989,0,1.34351e+07
47,4905,0,-69188,4918,-373,28,-11989,0,1.34351e+07
35,4770,0,-69480,4779,-279,110,-11989,0,1.34351e+07
34,4626,0,-69595,4642,-163,81,-11989,0,1.34351e+07
36,4491,0,-68901,4504,-37,72,-11989,0,1.34351e+07
43,4356,0,-69353,4365,92,129,-11989,0,1.34351e+07
25,4212,0,-69191,4226,214,105,-11989,0,1.34351e+07
38,4077,0,-69344,4087,331,152,-11989,0,1.34351e+07
40,3942,0,-69248,3948,437,140,-11989,0,1.34351e+07
38,3798,0,-69298,3809,534,132,-11989,0,1.34351e+07
28,3663,0,-69864,3666,623,169,-11989,0,1.34351e+07
30,3519,0,-69015,3527,694,151,-11989,0,1.34351e+07
30,3384,0,-69225,3388,758,185,-11989,0,1.34351e+07
33,3240,0,-69341,3249,820,163,-11989,0,1.34351e+07
53,3105,0,-69763,3109,874,196,-11989,0,1.34351e+07
27,2961,0,-69583,2970,921,179,-11989,0,1.34351e+07
43,2826,0,-69604,2831,968,208,-11989,0,1.34351e+07
28,2682,0,-69715,2691,1016,193,-11989,0,1.34351e+07
31,2547,0,-69565,2552,1062,219,-11989,0,1.34351e+07
30,2403,0,-69304,2412,1105,204,-11989,0,1.34351e+07
39,2268,0,-69543,2273,1135,232,-11989,0,1.34351e+07
23,2133,0,-69592,2134,1169,220,-11989,0,1.34351e+07
26,1989,0,-69085,1995,1203,215,-11989,0,1.34351e+07
31,1854,0,-69586,1856,1235,240,-11989,0,1.34351e+07
37,1710,0,-69031,1718,1261,227,-11989,0,1.34351e+07
49,1575,0,-69482,1579,1292,253,-11989,0,1.34351e+07
31,1431,0,-69341,1440,1326,241,-11989,0,1.34351e+07
44,1296,0,-69395,1302,1356,263,-11989,0,1.34351e+07
28,1161,0,-69436,1163,1389,260,-11989,0,1.34351e+07
32,1017,0,-69369,1024,1422,250,-11989,0,1.34351e+07
33,882,0,-69278,883,1452,272,-11989,0,1.34351e+07
40,738,0,-69236,744,1477,263,-11989,0,1.34351e+07
28,603,0,-69657,606,1506,283,-11989,0,1.34351e+07
31,459,0,-68990,467,1534,270,-11989,0,1.34351e+07
31,324,0,-69081,329,1559,290,-11989,0,1.34351e+07
41,189,0,-69454,190,1586,284,-11989,0,1.34351e+07
43,45,0,-69264,51,1614,279,-11989,0,1.34351e+07
31,-90,0,-69670,-87,1641,299,-11989,0,1.34351e+07
40,-234,0,-68810,-225,1658,290,-11989,0,1.34351e+07
28,-369,0,-69596,-364,1685,309,-11989,0,1.34351e+07
46,-513,0,-69355,-504,1714,299,-11989,0,1.34351e+07
33,-648,0,-69556,-643,1738,317,-11989,0,1.34351e+07
43,-792,0,-69775,-782,1761,309,-11989,0,1.34351e+07
25,-927,0,-69995,-921,1785,325,-11989,0,1.34351e+07
34,-1062,0,-69587,-1061,1809,316,-11989,0,1.34351e+07
28,-1206,0,-69560,-1200,1827,333,-11989,0,1.34351e+07
40,-1341,0,-69611,-1339,1850,330,-11989,0,1.34351e+07
22,-1485,0,-69379,-1477,1873,322,-11989,0,1.34351e+07
26,-1620,0,-69893,-1617,1897,339,-11989,0,1.34351e+07
35,-1764,0,-69020,-1755,1916,330,-11989,0,1.34351e+07
35,-1899,0,-69501,-1896,1937,347,-11989,0,1.34351e+07
47,-2043,0,-69070,-2035,1960,339,-11989,0,1.34351e+07
26,-2178,0,-69619,-2174,1978,356,-11989,0,1.34351e+07
51,-2322,0,-69245,-2313,1998,345,-11989,0,1.34351e+07
34,-2457,0,-69832,-2452,2021,361,-11989,0,1.34351e+07
35,-2592,0,-69340,-2590,2042,355,-11989,0,1.34351e+07
38,-2736,0,-69206,-2729,2061,351,-11989,0,1.34351e+07
42,-2871,0,-69373,-2868,2078,368,-11989,0,1.34351e+07
23,-3015,0,-69136,-3006,2094,360,-11989,0,1.34351e+07
34,-3150,0,-69481,-3145,2109,376,-11989,0,1.34351e+07
35,-3285,0,-69185,-3283,2125,374,-11989,0,1.34351e+07
40,-3429,0,-69025,-3422,2146,367,-11989,0,1.34351e+07
56,-3564,0,-69902,-3561,2171,383,-11989,0,1.34351e+07
29,-3708,0,-69159,-3699,2190,376,-11989,0,1.34351e+07
38,-3843,0,-69469,-3838,2211,390,-11989,0,1.34351e+07
32,-3987,0,-69579,-3977,2235,383,-11989,0,1.34351e+07
52,-4122,0,-69440,-4116,2251,397,-11989,0,1.34351e+07
35,-4257,0,-69435,-4255,2269,394,-11989,0,1.34351e+07
47,-4401,0,-69323,-4394,2290,388,-11989,0,1.34351e+07
31,-4536,0,-69629,-4534,2311,401,-11989,0,1.34351e+07
25,-4680,0,-69581,-4676,2327,394,-11989,0,1.34351e+07
33,-4815,0,-69378,-4815,2343,407,-11989,0,1.34351e+07
34,-4959,0,-69440,-4954,2352,400,-11989,0,1.34351e+07
28,-5094,0,-69580,-5093,2369,408,-11989,0,1.34351e+07
25,-5238,0,-69660,-5232,2385,420,-11989,0,1.34351e+07
38,-5373,0,-69313,-5370,2402,418,-11989,0,1.34351e+07
32,-5517,0,-69566,-5509,2422,412,-11989,0,1.34351e+07
43,-5652,0,-69128,-5648,2437,426,-11989,0,1.34351e+07
28,-5796,0,-69368,-5787,2455,419,-11989,0,1.34351e+07
49,-5931,0,-69345,-5925,2468,433,-11989,0,1.34351e+07
27,-6066,0,-69765,-6064,2490,428,-11989,0,1.34351e+07
31,-6210,0,-69344,-6203,2507,425,-11989,0,1.34351e+07
31,-6345,0,-69442,-6342,2522,438,-11989,0,1.34351e+07
-649,-6480,0,-69219,-6480,2533,432,12000,0,1.34351e+07
-896,-6597,0,-58864,-6607,2449,415,12000,0,1.34351e+07
-912,-6678,0,-43071,-6699,2150,393,12000,0,1.34351e+07
-703,-6723,0,-27215,-6748,1707,369,12000,0,1.34351e+07
-610,-6741,0,-12173,-6761,1260,344,12000,0,1.34351e+07
-508,-6732,0,1384,-6751,932,318,12000,0,1.34351e+07
-451,-6705,0,14016,-6720,704,291,12000,0,1.34351e+07
-387,-6669,0,25779,-6673,568,268,12000,0,1.34351e+07
-322,-6606,0,35811,-6613,506,245,12000,0,1.34351e+07
-272,-6543,0,43487,-6542,480,224,12000,0,1.34351e+07
-231,-6462,0,40978,-6461,480,233,12000,0,1.34351e+07
-207,-6372,0,44527,-6371,497,210,12000,0,1.34351e+07
-154,-6273,0,48590,-6274,536,190,12000,0,1.34351e+07
-148,-6174,0,50961,-6172,585,182,12000,0,1.34351e+07
-132,-6066,0,53323,-6067,630,166,12000,0,1.34351e+07
-107,-5958,0,56601,-5956,654,167,12000,0,1.34351e+07
-96,-5841,0,58015,-5841,668,143,12000,0,1.34351e+07
-82,-5724,0,59673,-5722,677,146,12000,0,1.34351e+07
-75,-5598,0,60142,-5601,690,154,12000,0,1.34351e+07
-60,-5472,0,62090,-5478,690,131,12000,0,1.34351e+07
-69,-5346,0,63268,-5353,688,116,12000,0,1.34351e+07
-38,-5220,0,63449,-5226,678,113,12000,0,1.34351e+07
-45,-5094,0,64839,-5098,659,-34,12000,0,1.34351e+07
-43,-4959,0,64983,-4973,594,64,12000,0,1.34351e+07
-38,-4833,0,65514,-4842,480,-76,12000,0,1.34351e+07
-25,-4698,0,66053,-4711,367,32,12000,0,1.34351e+07
-33,-4563,0,66571,-4577,242,-55,12000,0,1.34351e+07
-17,-4428,0,66882,-4442,116,-84,12000,0,1.34351e+07
-30,-4293,0,67237,-4307,-25,-98,12000,0,1.34351e+07
-24,-4158,0,67328,-4172,-168,-109,12000,0,1.34351e+07
-22,-4023,0,67980,-4036,-302,-154,12000,0,1.34351e+07
-12,-3888,0,68750,-3899,-433,-159,12000,0,1.34351e+07
-22,-3753,0,67671,-3762,-539,-164,12000,0,1.34351e+07
-24,-3618,0,67986,-3624,-637,-164,12000,0,1.34351e+07
-12,-3483,0,68109,-3487,-707,-170,12000,0,1.34351e+07
-20,-3339,0,68579,-3349,-770,-160,12000,0,1.34351e+07
-15,-3204,0,68338,-3212,-828,-160,12000,0,1.34351e+07
-17,-3069,0,68520,-3075,-878,-197,12000,0,1.34351e+07
-13,-2934,0,68555,-2939,-923,-200,12000,0,1.34351e+07
-19,-2799,0,68997,-2801,-975,-190,12000,0,1.34351e+07
-3,-2655,0,68829,-2663,-1018,-189,12000,0,1.34351e+07
-9,-2520,0,68877,-2525,-1057,-219,12000,0,1.34351e+07
-14,-2385,0,68794,-2388,-1092,-219,12000,0,1.34351e+07
-11,-2241,0,68848,-2250,-1132,-209,12000,0,1.34351e+07
-10,-2106,0,68445,-2113,-1169,-209,12000,0,1.34351e+07
-15,-1971,0,68484,-1975,-1203,-237,12000,0,1.34351e+07
-13,-1836,0,68859,-1838,-1233,-236,12000,0,1.34351e+07
-4,-1692,0,68900,-1698,-1266,-228,12000,0,1.34351e+07
-18,-1557,0,69036,-1560,-1301,-253,12000,0,1.34351e+07
-16,-1422,0,68805,-1423,-1333,-253,12000,0,1.34351e+07
-25,-1278,0,68753,-1285,-1365,-240,12000,0,1.34351e+07
-2,-1143,0,68815,-1147,-1390,-265,12000,0,1.34351e+07
-21,-1008,0,68894,-1009,-1417,-256,12000,0,1.34351e+07
-11,-864,0,68899,-871,-1443,-254,12000,0,1.34351e+07
-10,-729,0,69021,-733,-1466,-278,12000,0,1.34351e+07
-3,-594,0,69176,-595,-1496,-270,12000,0,1.34351e+07
-19,-450,0,68826,-457,-1521,-267,12000,0,1.34351e+07
-9,-315,0,68839,-319,-1546,-289,12000,0,1.34351e+07
-14,-180,0,68995,-182,-1571,-287,12000,0,1.34351e+07
-12,-36,0,68388,-44,-1595,-281,12000,0,1.34351e+07
-11,99,0,68164,92,-1619,-281,12000,0,1.34351e+07
-22,234,0,68834,230,-1644,-304,12000,0,1.34351e+07
-13,369,0,68647,367,-1669,-298,12000,0,1.34351e+07
-17,513,0,68132,504,-1691,-295,12000,0,1.34351e+07
-15,648,0,68575,642,-1713,-317,12000,0,1.34351e+07
-19,783,0,68899,779,-1739,-317,12000,0,1.34351e+07
-3,927,0,68916,917,-1771,-310,12000,0,1.34351e+07
-12,1062,0,68766,1057,-1795,-309,12000,0,1.34351e+07
-15,1197,0,69130,1194,-1818,-330,12000,0,1.34351e+07
-16,1341,0,68605,1332,-1838,-329,12000,0,1.34351e+07
-13,1476,0,68699,1469,-1860,-320,12000,0,1.34351e+07
-14,1611,0,68319,1606,-1881,-338,12000,0,1.34351e+07
-18,1746,0,68955,1744,-1904,-338,12000,0,1.34351e+07
-16,1890,0,68659,1881,-1927,-331,12000,0,1.34351e+07
-15,2025,0,68806,2019,-1950,-350,12000,0,1.34351e+07
-16,2160,0,69272,2157,-1975,-350,12000,0,1.34351e+07
-19,2304,0,68982,2295,-1996,-344,12000,0,1.34351e+07
-7,2439,0,68678,2432,-2016,-361,12000,0,1.34351e+07
-20,2574,0,69344,2571,-2043,-360,12000,0,1.34351e+07
-11,2718,0,68907,2709,-2064,-353,12000,0,1.34351e+07
-15,2853,0,68821,2847,-2078,-370,12000,0,1.34351e+07
-5,2988,0,69580,2985,-2101,-369,12000,0,1.34351e+07
-19,3132,0,68605,3123,-2118,-362,12000,0,1.34351e+07
-12,3267,0,68963,3261,-2133,-379,12000,0,1.34351e+07
-13,3402,0,69018,3398,-2152,-379,12000,0,1.34351e+07
-6,3546,0,68939,3536,-2172,-373,12000,0,1.34351e+07
-12,3681,0,68631,3674,-2188,-372,12000,0,1.34351e+07
-16,3816,0,68828,3814,-2204,-389,12000,0,1.34351e+07
-13,3951,0,69013,3951,-2220,-389,12000,0,1.34351e+07
-9,4095,0,68560,4088,-2238,-383,12000,0,1.34351e+07
-10,4230,0,68615,4225,-2254,-397,12000,0,1.34351e+07
-21,4365,0,68795,4363,-2275,-396,12000,0,1.34351e+07
-3,4509,0,68609,4500,-2293,-392,12000,0,1.34351e+07
-13,4644,0,68865,4638,-2315,-407,12000,0,1.34351e+07
-13,4779,0,68633,4775,-2331,-407,12000,0,1.34351e+07
-15,4923,0,69179,4913,-2352,-402,12000,0,1.34351e+07
3,5058,0,68954,5051,-2369,-401,12000,0,1.34351e+07
-12,5193,0,68297,5188,-2381,-416,12000,0,1.34351e+07
-11,5328,0,69164,5326,-2394,-417,12000,0,1.34351e+07
-12,5472,0,68905,5463,-2411,-412,12000,0,1.34351e+07
-6,5607,0,68719,5600,-2428,-426,12000,0,1.34351e+07
-8,5742,0,68503,5738,-2447,-427,12000,0,1.34351e+07
-16,5877,0,68824,5876,-2466,-422,12000,0,1.34351e+07
-12,6021,0,68880,6014,-2484,-421,12000,0,1.34351e+07
-13,6156,0,68881,6151,-2500,-435,12000,0,1.34351e+07
-9,6291,0,69092,6289,-2516,-434,12000,0,1.34351e+07
-21,6435,0,68658,6427,-2532,-429,12000,0,1.34351e+07
-3,6570,0,69276,6567,-2553,-443,12000,0,1.34351e+07
-11,6705,0,68994,6705,-2568,-442,12000,0,1.34351e+07
-9,6849,0,68680,6843,-2580,-438,12000,0,1.34351e+07
-21,6984,0,69024,6981,-2595,-450,12000,0,1.34351e+07
-3,7119,0,68654,7118,-2606,-445,12000,0,1.34351e+07
-13,7263,0,68650,7255,-2617,-445,12000,0,1.34351e+07
-14,7398,0,68933,7393,-2631,-458,12000,0,1.34351e+07
-17,7533,0,68826,7530,-2647,-458,12000,0,1.34351e+07
-15,7677,0,68759,7667,-2665,-454,12000,0,1.34351e+07
-13,7812,0,68800,7805,-2679,-454,12000,0,1.34351e+07
-17,7947,0,68899,7942,-2694,-468,12000,0,1.34351e+07
-10,8082,0,69045,8080,-2712,-467,12000,0,1.34351e+07
-23,8226,0,68670,8217,-2729,-463,12000,0,1.34351e+07
-15,8361,0,68344,8355,-2744,-463,12000,0,1.34351e+07
-16,8496,0,68414,8492,-2757,-476,12000,0,1.34351e+07
-3,8631,0,68953,8630,-2774,-472,12000,0,1.34351e+07
-23,8775,0,68911,8768,-2788,-471,12000,0,1.34351e+07
-12,8910,0,68467,8905,-2798,-484,12000,0,1.34351e+07
-21,9045,0,69281,9043,-2813,-485,12000,0,1.34351e+07
-7,9189,0,68980,9180,-2830,-480,12000,0,1.34351e+07
-11,9324,0,68325,9320,-2843,-479,12000,0,1.34351e+07
-22,9459,0,68949,9458,-2859,-493,12000,0,1.34351e+07
-11,9603,0,68789,9596,-2874,-488,12000,0,1.34351e+07
-23,9738,0,69063,9733,-2886,-498,12000,0,1.34351e+07
-9,9873,0,68922,9871,-2900,-497,12000,0,1.34351e+07
-15,10017,0,68593,10008,-2913,-493,12000,0,1.34351e+07
-10,10152,0,69202,10147,-2932,-505,12000,0,1.34351e+07
-17,10287,0,69024,10285,-2949,-504,12000,0,1.34351e+07
-9,10431,0,68811,10423,-2961,-500,12000,0,1.34351e+07
-18,10566,0,68615,10560,-2974,-500,12000,0,1.34351e+07
-3,10701,0,69312,10698,-2989,-513,12000,0,1.34351e+07
-16,10845,0,68624,10836,-2999,-507,12000,0,1.34351e+07
-17,10980,0,68835,10973,-3007,-508,12000,0,1.34351e+07
-17,11115,0,68816,11111,-3017,-520,12000,0,1.34351e+07
-12,11250,0,68750,11248,-3029,-520,12000,0,1.34351e+07
-15,11394,0,68944,11385,-3041,-516,12000,0,1.34351e+07
-13,11529,0,68675,11523,-3055,-516,12000,0,1.34351e+07
-11,11664,0,68323,11660,-3067,-528,12000,0,1.34351e+07
-23,11799,0,69125,11798,-3084,-525,12000,0,1.34351e+07
-9,11943,0,68735,11936,-3098,-523,12000,0,1.34351e+07
-15,12078,0,68895,12075,-3110,-535,12000,0,1.34351e+07
-9,12213,0,68932,12213,-3126,-535,12000,0,1.34351e+07
-21,12357,0,68454,12351,-3140,-531,12000,0,1.34351e+07
-9,12492,0,68503,12488,-3150,-541,12000,0,1.34351e+07
-11,12627,0,68759,12625,-3164,-540,12000,0,1.34351e+07
-3,12771,0,68861,12763,-3180,-536,12000,0,1.34351e+07
-13,12906,0,68956,12901,-3195,-548,12000,0,1.34351e+07
-16,13041,0,69109,13039,-3209,-547,12000,0,1.34351e+07
-15,13185,0,68609,13176,-3221,-543,12000,0,1.34351e+07
-12,13320,0,68699,13314,-3233,-544,12000,0,1.34351e+07
-8,13455,0,68965,13452,-3248,-555,12000,0,1.34351e+07
-14,13599,0,69261,13590,-3263,-551,12000,0,1.34351e+07
-10,13734,0,68920,13728,-3273,-550,12000,0,1.34351e+07
-18,13869,0,68742,13866,-3281,-561,12000,0,1.34351e+07
-11,14013,0,69009,14004,-3292,-557,12000,0,1.34351e+07
-10,14148,0,68738,14141,-3302,-556,12000,0,1.34351e+07
-4,14283,0,69046,14279,-3311,-568,12000,0,1.34351e+07
-15,14418,0,68510,14416,-3320,-567,12000,0,1.34351e+07
-8,14562,0,68764,14553,-3331,-564,12000,0,1.34351e+07
-11,14697,0,68369,14691,-3344,-564,12000,0,1.34351e+07
-10,14832,0,68490,14830,-3357,-575,12000,0,1.34351e+07
-12,14976,0,68481,14968,-3370,-573,12000,0,1.34351e+07
-24,15111,0,68674,15105,-3383,-571,12000,0,1.34351e+07
-7,15246,0,69094,15243,-3399,-580,12000,0,1.34351e+07
-23,15381,0,69081,15381,-3413,-576,12000,0,1.34351e+07
-16,15525,0,68688,15518,-3425,-576,12000,0,1.34351e+07
-15,15660,0,68640,15656,-3435,-587,12000,0,1.34351e+07
-8,15795,0,69073,15794,-3448,-583,12000,0,1.34351e+07
-18,15939,0,68499,15932,-3458,-582,12000,0,1.34351e+07
-9,16074,0,69029,16069,-3466,-593,12000,0,1.34351e+07
-22,16209,0,68998,16207,-3478,-593,12000,0,1.34351e+07
-12,16353,0,68748,16344,-3491,-589,12000,0,1.34351e+07
-16,16488,0,68612,16482,-3506,-589,12000,0,1.34351e+07
-16,16623,0,68636,16619,-3518,-600,12000,0,1.34351e+07
-17,16758,0,68989,16757,-3532,-597,12000,0,1.34351e+07
-10,16902,0,68781,16895,-3544,-595,12000,0,1.34351e+07
-17,17037,0,68830,17033,-3554,-606,12000,0,1.34351e+07
-13,17172,0,68995,17170,-3565,-605,12000,0,1.34351e+07
-12,17316,0,69073,17309,-3579,-601,12000,0,1.34351e+07
-21,17451,0,68855,17447,-3590,-611,12000,0,1.34351e+07
-9,17586,0,68800,17587,-3600,-611,12000,0,1.34351e+07
-13,17730,0,68679,17724,-3610,-608,12000,0,1.34351e+07
-2,17865,0,69233,17862,-3623,-617,12000,0,1.34351e+07
-13,18000,0,68645,18000,-3632,-612,12000,0,1.34351e+07
-16,18144,0,68904,18137,-3642,-612,12000,0,1.34351e+07
-16,18279,0,68905,18274,-3651,-622,12000,0,1.34351e+07
-6,18414,0,68803,18412,-3664,-622,12000,0,1.34351e+07
-19,18558,0,68612,18549,-3673,-619,12000,0,1.34351e+07
-15,18693,0,68758,18687,-3683,-619,12000,0,1.34351e+07
-11,18828,0,68647,18824,-3692,-629,12000,0,1.34351e+07
-16,18963,0,69045,18962,-3708,-626,12000,0,1.34351e+07
-13,19107,0,68743,19100,-3720,-625,12000,0,1.34351e+07
-13,19242,0,68707,19237,-3727,-635,12000,0,1.34351e+07
-13,19377,0,69195,19375,-3740,-635,12000,0,1.34351e+07
-22,19521,0,68883,19513,-3752,-632,12000,0,1.34351e+07
-13,19656,0,68030,19650,-3761,-631,12000,0,1.34351e+07
-20,19791,0,69178,19787,-3773,-642,12000,0,1.34351e+07
-8,19935,0,69085,19925,-3785,-638,12000,0,1.34351e+07
-15,20070,0,68458,20063,-3797,-637,12000,0,1.34351e+07
-17,20205,0,69044,20201,-3807,-647,12000,0,1.34351e+07
-13,20340,0,68876,20341,-3817,-646,12000,0,1.34351e+07
-3,20484,0,68357,20478,-3825,-644,12000,0,1.34351e+07
-16,20619,0,69250,20616,-3840,-653,12000,0,1.34351e+07
-2,20763,0,68859,20754,-3854,-648,12000,0,1.34351e+07
-8,20898,0,68807,20892,-3864,-648,12000,0,1.34351e+07
-6,21033,0,69152,21031,-3877,-656,12000,0,1.34351e+07
-15,21177,0,69030,21168,-3884,-653,12000,0,1.34351e+07
-10,21312,0,68474,21306,-3887,-652,12000,0,1.34351e+07
-7,21447,0,68904,21443,-3893,-662,12000,0,1.34351e+07
-15,21582,0,68594,21581,-3901,-661,12000,0,1.34351e+07
-9,21726,0,68615,21718,-3912,-659,12000,0,1.34351e+07
-19,21861,0,68459,21855,-3919,-668,12000,0,1.34351e+07
-6,21996,0,69049,21993,-3936,-668,12000,0,1.34351e+07
-16,22131,0,68575,22130,-3947,-666,12000,0,1.34351e+07
-12,22275,0,68589,22267,-3957,-665,12000,0,1.34351e+07
-20,22410,0,68886,22405,-3970,-674,12000,0,1.34351e+07
-1,22545,0,69152,22543,-3986,-674,12000,0,1.34351e+07
-10,22689,0,68733,22680,-3996,-671,12000,0,1.34351e+07
-16,22824,0,68404,22818,-4005,-671,12000,0,1.34351e+07
-7,22959,0,68967,22956,-4016,-681,12000,0,1.34351e+07
-14,23103,0,68449,23095,-4024,-678,12000,0,1.34351e+07
-13,23238,0,68933,23233,-4032,-677,12000,0,1.34351e+07
-25,23373,0,69024,23370,-4042,-686,12000,0,1.34351e+07
-12,23508,0,68851,23508,-4055,-681,12000,0,1.34351e+07
-16,23652,0,68681,23646,-4067,-681,12000,0,1.34351e+07
-14,23787,0,68771,23783,-4075,-691,12000,0,1.34351e+07
-20,23922,0,68732,23921,-4086,-688,12000,0,1.34351e+07
-4,24066,0,68862,24059,-4097,-687,12000,0,1.34351e+07
-19,24201,0,69141,24197,-4107,-696,12000,0,1.34351e+07
-10,24336,0,69008,24334,-4116,-695,12000,0,1.34351e+07
-9,24480,0,68935,24472,-4128,-692,12000,0,1.34351e+07
-9,24615,0,69340,24611,-4139,-701,12000,0,1.34351e+07
-15,24750,0,68475,24748,-4147,-700,12000,0,1.34351e+07
-13,24894,0,68845,24886,-4153,-697,12000,0,1.34351e+07
-12,25029,0,68662,25024,-4161,-706,12000,0,1.34351e+07
-25,25164,0,68996,25161,-4171,-706,12000,0,1.34351e+07
-12,25299,0,68384,25298,-4178,-703,12000,0,1.34351e+07
-18,25443,0,69032,25436,-4191,-703,12000,0,1.34351e+07
-13,25578,0,68963,25574,-4200,-712,12000,0,1.34351e+07
-21,25713,0,68831,25711,-4210,-711,12000,0,1.34351e+07
-12,25857,0,68463,25850,-4218,-709,12000,0,1.34351e+07
-17,25992,0,68979,25988,-4228,-709,12000,0,1.34351e+07
-11,26127,0,68849,26125,-4241,-718,12000,0,1.34351e+07
-2,26271,0,68237,26263,-4250,-713,-11989,0,1.34351e+07
873,26397,0,64974,26397,-4234,-715,-11989,0,1.34351e+07
857,26487,0,50497,26508,-4043,-696,-11989,0,1.34351e+07
773,26550,0,34892,26578,-3669,-684,-11989,0,1.34351e+07
647,26586,0,19860,26610,-3237,-671,-11989,0,1.34351e+07
545,26595,0,5951,26613,-2874,-659,-11989,0,1.34351e+07
449,26577,0,-7603,26591,-2598,-646,-11989,0,1.34351e+07
383,26550,0,-19512,26552,-2457,-636,-11989,0,1.34351e+07
367,26505,0,-29829,26502,-2420,-626,-11989,0,1.34351e+07
328,26442,0,-37943,26440,-2446,-617,-11989,0,1.34351e+07
280,26370,0,-36988,26368,-2502,-617,-11989,0,1.34351e+07
236,26289,0,-40058,26286,-2577,-611,-11989,0,1.34351e+07
215,26199,0,-45040,26196,-2659,-605,-11989,0,1.34351e+07
190,26100,0,-48646,26100,-2744,-609,-11989,0,1.34351e+07
151,26001,0,-51797,25997,-2828,-597,-11989,0,1.34351e+07
145,25893,0,-53701,25889,-2911,-593,-11989,0,1.34351e+07
132,25776,0,-56591,25778,-2988,-595,-11989,0,1.34351e+07
119,25668,0,-57953,25661,-3057,-588,-11989,0,1.34351e+07
97,25542,0,-60167,25543,-3109,-590,-11989,0,1.34351e+07
97,25425,0,-61093,25421,-3154,-580,-11989,0,1.34351e+07
82,25299,0,-62504,25297,-3194,-577,-11989,0,1.34351e+07
80,25173,0,-63611,25171,-3227,-574,-11989,0,1.34351e+07
75,25038,0,-63628,25044,-3255,-577,-11989,0,1.34351e+07
79,24912,0,-65040,24915,-3274,-567,-11989,0,1.34351e+07
52,24786,0,-65616,24784,-3288,-571,-11989,0,1.34351e+07
67,24651,0,-66277,24652,-3298,-563,-11989,0,1.34351e+07
49,24516,0,-66750,24519,-3310,-559,-11989,0,1.34351e+07
61,24381,0,-67309,24384,-3310,-557,-11989,0,1.34351e+07
46,24246,0,-67607,24250,-3318,-553,-11989,0,1.34351e+07
45,24111,0,-67903,24114,-3314,-552,-11989,0,1.34351e+07
32,23976,0,-67627,23979,-3318,-550,-11989,0,1.34351e+07
53,23841,0,-68664,23843,-3317,-548,-11989,0,1.34351e+07
47,23706,0,-68257,23706,-3313,-549,-11989,0,1.34351e+07
28,23562,0,-68284,23569,-3305,-552,-11989,0,1.34351e+07
52,23427,0,-68247,23432,-3299,-551,-11989,0,1.34351e+07
40,23292,0,-68810,23295,-3294,-539,-11989,0,1.34351e+07
58,23157,0,-68583,23157,-3287,-540,-11989,0,1.34351e+07
35,23013,0,-69066,23017,-3280,-544,-11989,0,1.34351e+07
49,22878,0,-69172,22879,-3269,-532,-11989,0,1.34351e+07
32,22734,0,-68851,22741,-3260,-534,-11989,0,1.34351e+07
31,22599,0,-69265,22602,-3245,-528,-11989,0,1.34351e+07
28,22464,0,-69277,22464,-3236,-532,-11989,0,1.34351e+07
46,22320,0,-69195,22325,-3225,-534,-11989,0,1.34351e+07
24,22185,0,-69454,22187,-3216,-522,-11989,0,1.34351e+07
28,22041,0,-69174,22048,-3204,-528,-11989,0,1.34351e+07
28,21906,0,-69386,21910,-3197,-517,-11989,0,1.34351e+07
31,21771,0,-69067,21771,-3188,-518,-11989,0,1.34351e+07
46,21627,0,-69483,21632,-3171,-523,-11989,0,1.34351e+07
28,21492,0,-69459,21493,-3158,-512,-11989,0,1.34351e+07
38,21348,0,-69200,21355,-3148,-518,-11989,0,1.34351e+07
27,21213,0,-69352,21216,-3135,-506,-11989,0,1.34351e+07
40,21069,0,-69440,21077,-3119,-512,-11989,0,1.34351e+07
32,20934,0,-69600,20938,-3107,-501,-11989,0,1.34351e+07
43,20790,0,-69908,20798,-3091,-507,-11989,0,1.34351e+07
25,20655,0,-69856,20659,-3079,-496,-11989,0,1.34351e+07
25,20511,0,-69835,20519,-3064,-502,-11989,0,1.34351e+07
28,20376,0,-69230,20381,-3057,-491,-11989,0,1.34351e+07
40,20241,0,-69388,20240,-3046,-492,-11989,0,1.34351e+07
28,20097,0,-69550,20101,-3031,-498,-11989,0,1.34351e+07
25,19962,0,-69270,19962,-3018,-486,-11989,0,1.34351e+07
40,19818,0,-69165,19823,-3004,-494,-11989,0,1.34351e+07
31,19683,0,-69547,19684,-2991,-482,-11989,0,1.34351e+07
55,19539,0,-69124,19546,-2978,-489,-11989,0,1.34351e+07
31,19404,0,-69380,19407,-2965,-476,-11989,0,1.34351e+07
47,19260,0,-69438,19269,-2949,-482,-11989,0,1.34351e+07
31,19125,0,-69670,19130,-2934,-470,-11989,0,1.34351e+07
27,18990,0,-69398,18991,-2917,-472,-11989,0,1.34351e+07
31,18846,0,-69254,18852,-2905,-477,-11989,0,1.34351e+07
38,18711,0,-69129,18714,-2893,-464,-11989,0,1.34351e+07
32,18567,0,-69372,18575,-2875,-471,-11989,0,1.34351e+07
36,18432,0,-69041,18437,-2868,-458,-11989,0,1.34351e+07
31,18297,0,-69616,18298,-2853,-459,-11989,0,1.34351e+07
33,18153,0,-69459,18160,-2834,-465,-11989,0,1.34351e+07
41,18018,0,-69469,18021,-2818,-452,-11989,0,1.34351e+07
34,17874,0,-69302,17882,-2801,-459,-11989,0,1.34351e+07
39,17739,0,-69489,17743,-2787,-446,-11989,0,1.34351e+07
26,17595,0,-69899,17604,-2766,-452,-11989,0,1.34351e+07
35,17460,0,-69954,17462,-2748,-440,-11989,0,1.34351e+07
31,17316,0,-69110,17323,-2738,-444,-11989,0,1.34351e+07
40,17181,0,-69811,17184,-2722,-448,-11989,0,1.34351e+07
28,17037,0,-69782,17044,-2704,-444,-11989,0,1.34351e+07
28,16902,0,-69651,16904,-2691,-431,-11989,0,1.34351e+07
26,16758,0,-69353,16765,-2680,-438,-11989,0,1.34351e+07
40,16623,0,-69490,16627,-2670,-425,-11989,0,1.34351e+07
40,16488,0,-69793,16488,-2653,-431,-11989,0,1.34351e+07
31,16344,0,-69166,16349,-2640,-420,-11989,0,1.34351e+07
51,16209,0,-69487,16210,-2624,-420,-11989,0,1.34351e+07
32,16065,0,-69635,16071,-2605,-427,-11989,0,1.34351e+07
44,15930,0,-69392,15932,-2591,-414,-11989,0,1.34351e+07
40,15786,0,-69270,15794,-2577,-420,-11989,0,1.34351e+07
44,15651,0,-69526,15655,-2560,-406,-11989,0,1.34351e+07
20,15516,0,-69653,15516,-2540,-413,-11989,0,1.34351e+07
37,15372,0,-69505,15377,-2526,-400,-11989,0,1.34351e+07
36,15237,0,-69282,15238,-2511,-402,-11989,0,1.34351e+07
37,15093,0,-69275,15099,-2494,-408,-11989,0,1.34351e+07
54,14958,0,-69359,14961,-2481,-393,-11989,0,1.34351e+07
35,14814,0,-69310,14822,-2465,-400,-11989,0,1.34351e+07
37,14679,0,-69300,14682,-2452,-401,-11989,0,1.34351e+07
34,14544,0,-69369,14543,-2434,-387,-11989,0,1.34351e+07
40,14400,0,-69759,14404,-2417,-394,-11989,0,1.34351e+07
31,14265,0,-69127,14265,-2403,-386,-11989,0,1.34351e+07
43,14121,0,-69318,14126,-2387,-389,-11989,0,1.34351e+07
21,13986,0,-69729,13987,-2368,-375,-11989,0,1.34351e+07
32,13842,0,-69697,13848,-2350,-382,-11989,0,1.34351e+07
31,13707,0,-69939,13709,-2329,-368,-11989,0,1.34351e+07
40,13563,0,-69664,13569,-2309,-376,-11989,0,1.34351e+07
24,13428,0,-69922,13430,-2290,-361,-11989,0,1.34351e+07
34,13284,0,-69278,13291,-2274,-369,-11989,0,1.34351e+07
37,13149,0,-69397,13152,-2259,-353,-11989,0,1.34351e+07
34,13005,0,-69489,13013,-2240,-361,-11989,0,1.34351e+07
32,12870,0,-69596,12874,-2222,-346,-11989,0,1.34351e+07
25,12735,0,-69130,12736,-2206,-351,-11989,0,1.34351e+07
49,12591,0,-69055,12597,-2188,-356,-11989,0,1.34351e+07
28,12456,0,-69633,12458,-2168,-339,-11989,0,1.34351e+07
34,12312,0,-69239,12319,-2151,-347,-11989,0,1.34351e+07
36,12177,0,-69200,12181,-2132,-330,-11989,0,1.34351e+07
41,12033,0,-69710,12042,-2107,-338,-11989,0,1.34351e+07
23,11898,0,-69642,11900,-2086,-322,-11989,0,1.34351e+07
31,11754,0,-68991,11762,-2070,-325,-11989,0,1.34351e+07
30,11619,0,-69320,11623,-2049,-332,-11989,0,1.34351e+07
38,11484,0,-69353,11484,-2031,-323,-11989,0,1.34351e+07
55,11340,0,-69110,11345,-2013,-326,-11989,0,1.34351e+07
34,11205,0,-69199,11207,-1997,-308,-11989,0,1.34351e+07
41,11061,0,-69520,11069,-1977,-316,-11989,0,1.34351e+07
27,10926,0,-69495,10930,-1954,-297,-11989,0,1.34351e+07
37,10782,0,-69592,10791,-1926,-306,-11989,0,1.34351e+07
37,10647,0,-69604,10652,-1902,-288,-11989,0,1.34351e+07
43,10512,0,-69524,10513,-1880,-294,-11989,0,1.34351e+07
23,10368,0,-69291,10374,-1857,-300,-11989,0,1.34351e+07
31,10233,0,-69890,10235,-1831,-281,-11989,0,1.34351e+07
22,10089,0,-69573,10095,-1809,-292,-11989,0,1.34351e+07
40,9954,0,-69818,9956,-1786,-273,-11989,0,1.34351e+07
40,9810,0,-69600,9816,-1764,-284,-11989,0,1.34351e+07
25,9675,0,-69786,9677,-1742,-263,-11989,0,1.34351e+07
46,9531,0,-69299,9538,-1723,-275,-11989,0,1.34351e+07
32,9396,0,-69419,9399,-1701,-252,-11989,0,1.34351e+07
31,9252,0,-69290,9260,-1678,-264,-11989,0,1.34351e+07
32,9117,0,-69856,9119,-1649,-241,-11989,0,1.34351e+07
49,8973,0,-69347,8980,-1621,-253,-11989,0,1.34351e+07
34,8838,0,-69478,8841,-1598,-230,-11989,0,1.34351e+07
32,8694,0,-69323,8703,-1568,-246,-11989,0,1.34351e+07
34,8559,0,-69367,8564,-1538,-222,-11989,0,1.34351e+07
40,8424,0,-69494,8425,-1506,-233,-11989,0,1.34351e+07
28,8280,0,-69146,8286,-1479,-237,-11989,0,1.34351e+07
32,8145,0,-69422,8147,-1454,-212,-11989,0,1.34351e+07
38,8001,0,-69193,8009,-1434,-223,-11989,0,1.34351e+07
34,7866,0,-69345,7870,-1407,-197,-11989,0,1.34351e+07
70,7722,0,-69511,7731,-1377,-210,-11989,0,1.34351e+07
28,7587,0,-68850,7593,-1354,-212,-11989,0,1.34351e+07
40,7452,0,-69613,7454,-1324,-183,-11989,0,1.34351e+07
34,7308,0,-69365,7316,-1295,-198,-11989,0,1.34351e+07
40,7173,0,-69177,7177,-1264,-166,-11989,0,1.34351e+07
30,7029,0,-69375,7038,-1227,-182,-11989,0,1.34351e+07
44,6894,0,-69529,6899,-1194,-149,-11989,0,1.34351e+07
31,6750,0,-69757,6760,-1156,-164,-11989,0,1.34351e+07
28,6615,0,-69405,6621,-1117,-171,-11989,0,1.34351e+07
31,6480,0,-69487,6482,-1081,-136,-11989,0,1.34351e+07
40,6336,0,-70117,6341,-1043,-106,-11989,0,1.34351e+07
49,6192,0,-69484,6202,-996,-119,-11989,0,1.34351e+07
24,6057,0,-69589,6063,-946,-140,-11989,0,1.34351e+07
40,5922,0,-69824,5923,-895,-121,-11989,0,1.34351e+07
30,5778,0,-69436,5784,-857,-64,-11989,0,1.34351e+07
34,5643,0,-69396,5646,-814,-76,-11989,0,1.34351e+07
28,5499,0,-69421,5507,-761,-102,-11989,0,1.34351e+07
46,5364,0,-69709,5368,-697,16,-11989,0,1.34351e+07
19,5220,0,-69303,5231,-630,-72,-11989,0,1.34351e+07
30,5085,0,-69158,5094,-531,79,-11989,0,1.34351e+07
31,4941,0,-69621,4955,-420,35,-11989,0,1.34351e+07
38,4806,0,-69718,4816,-311,110,-11989,0,1.34351e+07
41,4671,0,-69181,4679,-186,87,-11989,0,1.34351e+07
32,4527,0,-69199,4540,-46,70,-11989,0,1.34351e+07
36,4392,0,-69502,4401,89,128,-11989,0,1.34351e+07
32,4248,0,-69011,4262,212,106,-11989,0,1.34351e+07
59,4113,0,-69591,4123,331,151,-11989,0,1.34351e+07
32,3978,0,-69249,3984,438,136,-11989,0,1.34351e+07
40,3834,0,-69059,3844,532,127,-11989,0,1.34351e+07
31,3699,0,-69577,3704,614,167,-11989,0,1.34351e+07
33,3555,0,-69583,3563,684,147,-11989,0,1.34351e+07
26,3420,0,-69205,3424,746,183,-11989,0,1.34351e+07
37,3276,0,-69459,3284,807,167,-11989,0,1.34351e+07
37,3141,0,-69773,3144,859,191,-11989,0,1.34351e+07
37,2997,0,-69390,3005,903,175,-11989,0,1.34351e+07
36,2862,0,-69688,2867,947,207,-11989,0,1.34351e+07
37,2718,0,-69383,2727,994,191,-11989,0,1.34351e+07
52,2583,0,-69694,2588,1045,217,-11989,0,1.34351e+07
25,2439,0,-69488,2448,1088,203,-11989,0,1.34351e+07
41,2304,0,-69364,2309,1122,228,-11989,0,1.34351e+07
28,2160,0,-69458,2170,1155,216,-11989,0,1.34351e+07
28,2025,0,-69684,2031,1185,241,-11989,0,1.34351e+07
34,1890,0,-69259,1892,1220,236,-11989,0,1.34351e+07
43,1746,0,-69457,1753,1256,226,-11989,0,1.34351e+07
22,1611,0,-69802,1614,1293,250,-11989,0,1.34351e+07
31,1467,0,-69172,1475,1322,238,-11989,0,1.34351e+07
34,1332,0,-69412,1336,1350,261,-11989,0,1.34351e+07
31,1188,0,-69658,1198,1379,252,-11989,0,1.34351e+07
39,1053,0,-69738,1059,1407,271,-11989,0,1.34351e+07
31,918,0,-69202,920,1438,268,-11989,0,1.34351e+07
41,774,0,-69370,779,1467,258,-11989,0,1.34351e+07
31,639,0,-69206,640,1496,281,-11989,0,1.34351e+07
44,495,0,-69184,501,1526,270,-11989,0,1.34351e+07
40,360,0,-69562,362,1550,287,-11989,0,1.34351e+07
49,216,0,-69285,224,1572,278,-11989,0,1.34351e+07
30,81,0,-69529,85,1599,297,-11989,0,1.34351e+07
34,-54,0,-69592,-53,1632,287,-11989,0,1.34351e+07
25,-198,0,-69205,-191,1653,307,-11989,0,1.34351e+07
40,-333,0,-69573,-330,1682,303,-11989,0,1.34351e+07
56,-477,0,-69245,-470,1710,294,-11989,0,1.34351e+07
31,-612,0,-69602,-609,1735,313,-11989,0,1.34351e+07
47,-756,0,-69500,-748,1759,303,-11989,0,1.34351e+07
33,-891,0,-70240,-888,1785,321,-11989,0,1.34351e+07
40,-1035,0,-69660,-1027,1807,311,-11989,0,1.34351e+07
32,-1170,0,-69456,-1166,1825,329,-11989,0,1.34351e+07
47,-1314,0,-69415,-1305,1844,319,-11989,0,1.34351e+07
22,-1449,0,-69293,-1444,1867,336,-11989,0,1.34351e+07
34,-1593,0,-69735,-1583,1892,328,-11989,0,1.34351e+07
32,-1728,0,-69806,-1722,1910,345,-11989,0,1.34351e+07
38,-1863,0,-69144,-1861,1930,341,-11989,0,1.34351e+07
29,-2007,0,-69420,-2002,1950,334,-11989,0,1.34351e+07
37,-2142,0,-69570,-2141,1975,350,-11989,0,1.34351e+07
37,-2286,0,-69404,-2280,1988,343,-11989,0,1.34351e+07
33,-2421,0,-69475,-2419,2013,355,-11989,0,1.34351e+07
31,-2565,0,-69141,-2558,2034,347,-11989,0,1.34351e+07
37,-2700,0,-69509,-2696,2052,364,-11989,0,1.34351e+07
37,-2844,0,-69314,-2835,2069,357,-11989,0,1.34351e+07
22,-2979,0,-69242,-2973,2084,372,-11989,0,1.34351e+07
34,-3114,0,-69438,-3112,2103,370,-11989,0,1.34351e+07
32,-3258,0,-69065,-3250,2122,364,-11989,0,1.34351e+07
40,-3393,0,-68958,-3388,2141,380,-11989,0,1.34351e+07
25,-3537,0,-69662,-3528,2168,373,-11989,0,1.34351e+07
26,-3672,0,-69362,-3667,2186,387,-11989,0,1.34351e+07
25,-3807,0,-69347,-3805,2204,381,-11989,0,1.34351e+07
39,-3951,0,-69196,-3945,2224,378,-11989,0,1.34351e+07
54,-4086,0,-69757,-4084,2245,391,-11989,0,1.34351e+07
28,-4230,0,-69301,-4223,2262,385,-11989,0,1.34351e+07
45,-4365,0,-69894,-4362,2279,399,-11989,0,1.34351e+07
26,-4509,0,-69518,-4502,2299,391,-11989,0,1.34351e+07
29,-4644,0,-70084,-4642,2320,405,-11989,0,1.34351e+07
32,-4788,0,-69566,-4783,2332,397,-11989,0,1.34351e+07
42,-4923,0,-69823,-4922,2350,412,-11989,0,1.34351e+07
23,-5067,0,-69230,-5061,2366,404,-11989,0,1.34351e+07
25,-5202,0,-69516,-5200,2380,415,-11989,0,1.34351e+07
31,-5346,0,-69408,-5339,2393,408,-11989,0,1.34351e+07
42,-5481,0,-69854,-5478,2409,422,-11989,0,1.34351e+07
45,-5625,0,-69246,-5616,2423,415,-11989,0,1.34351e+07
34,-5760,0,-69439,-5755,2440,429,-11989,0,1.34351e+07
48,-5895,0,-69422,-5894,2456,423,-11989,0,1.34351e+07
28,-6039,0,-69417,-6033,2476,421,-11989,0,1.34351e+07
34,-6174,0,-69357,-6172,2493,433,-11989,0,1.34351e+07
37,-6318,0,-69289,-6311,2509,427,-11989,0,1.34351e+07
38,-6453,0,-69028,-6449,2522,441,-11989,0,1.34351e+07
26,-6597,0,-69346,-6588,2543,434,-11989,0,1.34351e+07
-649,-6732,0,-68791,-6726,2553,434,12000,0,1.34351e+07
-891,-6840,0,-58622,-6852,2470,418,12000,0,1.34351e+07
-770,-6921,0,-43167,-6944,2179,397,12000,0,1.34351e+07
-714,-6975,0,-28084,-6998,1769,376,12000,0,1.34351e+07
-628,-6993,0,-13718,-7019,1362,351,12000,0,1.34351e+07
-507,-6993,0,-832,-7017,1055,327,12000,0,1.34351e+07
-488,-6975,0,12202,-6990,798,303,12000,0,1.34351e+07
-447,-6939,0,23356,-6948,656,280,12000,0,1.34351e+07
-349,-6885,0,32914,-6893,580,264,12000,0,1.34351e+07
-263,-6822,0,36857,-6825,545,250,12000,0,1.34351e+07
-238,-6750,0,37806,-6746,541,257,12000,0,1.34351e+07
-214,-6660,0,43058,-6660,567,222,12000,0,1.34351e+07
-169,-6570,0,47023,-6566,609,216,12000,0,1.34351e+07
-161,-6471,0,50361,-6467,651,206,12000,0,1.34351e+07
-140,-6363,0,53728,-6361,689,184,12000,0,1.34351e+07
-91,-6255,0,55273,-6251,720,191,12000,0,1.34351e+07
-97,-6138,0,57267,-6137,745,161,12000,0,1.34351e+07
-87,-6021,0,59295,-6020,765,149,12000,0,1.34351e+07
-82,-5895,0,60482,-5900,776,164,12000,0,1.34351e+07
-51,-5778,0,61377,-5778,775,129,12000,0,1.34351e+07
-63,-5652,0,62558,-5654,767,108,12000,0,1.34351e+07
-48,-5526,0,63704,-5528,742,98,12000,0,1.34351e+07
-49,-5391,0,63863,-5401,706,111,12000,0,1.34351e+07
-40,-5265,0,64989,-5271,665,25,12000,0,1.34351e+07
-35,-5130,0,65529,-5141,617,80,12000,0,1.34351e+07
-31,-5004,0,66142,-5009,553,-58,12000,0,1.34351e+07
-40,-4869,0,66527,-4876,482,-85,12000,0,1.34351e+07
-14,-4734,0,66692,-4745,386,31,12000,0,1.34351e+07
-30,-4599,0,67501,-4611,251,-42,12000,0,1.34351e+07
-24,-4464,0,67542,-4476,120,-123,12000,0,1.34351e+07
-30,-4329,0,67709,-4341,-16,-130,12000,0,1.34351e+07
-13,-4194,0,67566,-4205,-152,-138,12000,0,1.34351e+07
-22,-4059,0,69128,-4068,-293,-145,12000,0,1.34351e+07
-23,-3924,0,67897,-3931,-408,-143,12000,0,1.34351e+07
-22,-3780,0,67889,-3793,-514,-135,12000,0,1.34351e+07
-11,-3645,0,68841,-3656,-603,-140,12000,0,1.34351e+07
-22,-3510,0,67957,-3519,-675,-142,12000,0,1.34351e+07
-28,-3375,0,68053,-3381,-741,-182,12000,0,1.34351e+07
-17,-3240,0,68928,-3244,-800,-183,12000,0,1.34351e+07
-13,-3096,0,68607,-3106,-854,-172,12000,0,1.34351e+07
-14,-2961,0,68380,-2969,-906,-172,12000,0,1.34351e+07
-20,-2826,0,68736,-2832,-954,-207,12000,0,1.34351e+07
-9,-2691,0,68910,-2694,-1000,-206,12000,0,1.34351e+07
-14,-2547,0,68579,-2556,-1043,-196,12000,0,1.34351e+07
-16,-2412,0,68363,-2419,-1085,-196,12000,0,1.34351e+07
-23,-2277,0,68754,-2281,-1122,-227,12000,0,1.34351e+07
-3,-2133,0,68781,-2141,-1157,-218,12000,0,1.34351e+07
-1,-1998,0,68934,-2003,-1189,-215,12000,0,1.34351e+07
-18,-1863,0,69045,-1866,-1219,-243,12000,0,1.34351e+07
-20,-1719,0,68838,-1729,-1253,-229,12000,0,1.34351e+07
-14,-1584,0,68686,-1591,-1291,-229,12000,0,1.34351e+07
-8,-1449,0,68471,-1453,-1324,-255,12000,0,1.34351e+07
-25,-1314,0,68731,-1316,-1354,-252,12000,0,1.34351e+07
-18,-1170,0,68554,-1178,-1382,-247,12000,0,1.34351e+07
-13,-1035,0,69188,-1040,-1413,-270,12000,0,1.34351e+07
-13,-900,0,69026,-902,-1446,-269,12000,0,1.34351e+07
-24,-756,0,68875,-765,-1475,-261,12000,0,1.34351e+07
-10,-621,0,69024,-627,-1505,-283,12000,0,1.34351e+07
-10,-486,0,69084,-489,-1538,-282,12000,0,1.34351e+07
-20,-351,0,68795,-351,-1563,-274,12000,0,1.34351e+07
-20,-207,0,68891,-213,-1583,-274,12000,0,1.34351e+07
-3,-72,0,68737,-76,-1603,-296,12000,0,1.34351e+07
-10,63,0,68657,61,-1621,-295,12000,0,1.34351e+07
-12,207,0,68490,198,-1643,-289,12000,0,1.34351e+07
-18,342,0,68529,335,-1667,-289,12000,0,1.34351e+07
-19,477,0,68227,472,-1690,-310,12000,0,1.34351e+07
-4,612,0,68795,612,-1715,-309,12000,0,1.34351e+07
-16,756,0,68336,749,-1737,-304,12000,0,1.34351e+07
-13,891,0,68753,886,-1764,-324,12000,0,1.34351e+07
-16,1026,0,68929,1024,-1792,-315,12000,0,1.34351e+07
-8,1170,0,68763,1162,-1818,-313,12000,0,1.34351e+07
-13,1305,0,68665,1299,-1837,-333,12000,0,1.34351e+07
-9,1440,0,69081,1437,-1861,-333,12000,0,1.34351e+07
-3,1584,0,68780,1574,-1882,-326,12000,0,1.34351e+07
-12,1719,0,68503,1712,-1899,-326,12000,0,1.34351e+07
-23,1854,0,69063,1849,-1919,-346,12000,0,1.34351e+07
-4,1989,0,69073,1986,-1942,-344,12000,0,1.34351e+07
-11,2133,0,68348,2124,-1963,-339,12000,0,1.34351e+07
-22,2268,0,68556,2261,-1984,-339,12000,0,1.34351e+07
-13,2403,0,68827,2399,-2005,-358,12000,0,1.34351e+07
-9,2538,0,69203,2537,-2029,-351,12000,0,1.34351e+07
-17,2682,0,68763,2675,-2046,-349,12000,0,1.34351e+07
-20,2817,0,68925,2812,-2062,-367,12000,0,1.34351e+07
-10,2961,0,69197,2951,-2086,-361,12000,0,1.34351e+07
-11,3096,0,68789,3089,-2104,-359,12000,0,1.34351e+07
-10,3231,0,68720,3227,-2118,-376,12000,0,1.34351e+07
-16,3366,0,68629,3366,-2134,-375,12000,0,1.34351e+07
-1,3510,0,68625,3504,-2150,-370,12000,0,1.34351e+07
-13,3645,0,68655,3641,-2167,-387,12000,0,1.34351e+07
-19,3780,0,68636,3778,-2190,-379,12000,0,1.34351e+07
-16,3924,0,68603,3916,-2209,-379,12000,0,1.34351e+07
-12,4059,0,69174,4053,-2231,-395,12000,0,1.34351e+07
-13,4194,0,68431,4191,-2251,-394,12000,0,1.34351e+07
-13,4329,0,68967,4328,-2268,-391,12000,0,1.34351e+07
-15,4473,0,69007,4466,-2288,-389,12000,0,1.34351e+07
-16,4608,0,68738,4604,-2305,-405,12000,0,1.34351e+07
-10,4743,0,68587,4741,-2321,-404,12000,0,1.34351e+07
-23,4887,0,68374,4878,-2335,-399,12000,0,1.34351e+07
-10,5022,0,68623,5016,-2353,-400,12000,0,1.34351e+07
-10,5157,0,69087,5154,-2372,-415,12000,0,1.34351e+07
-16,5292,0,68451,5291,-2387,-409,12000,0,1.34351e+07
-24,5436,0,68793,5428,-2401,-410,12000,0,1.34351e+07
-2,5571,0,69045,5566,-2418,-424,12000,0,1.34351e+07
-12,5706,0,68875,5704,-2438,-424,12000,0,1.34351e+07
-25,5850,0,68584,5841,-2455,-419,12000,0,1.34351e+07
-12,5985,0,68621,5978,-2472,-419,12000,0,1.34351e+07
-15,6120,0,68883,6119,-2493,-433,12000,0,1.34351e+07
-15,6264,0,68652,6257,-2510,-428,12000,0,1.34351e+07
-24,6399,0,69160,6394,-2523,-428,12000,0,1.34351e+07
-13,6534,0,69049,6532,-2538,-438,12000,0,1.34351e+07
-12,6678,0,68205,6670,-2552,-433,12000,0,1.34351e+07
-18,6813,0,69053,6808,-2565,-449,12000,0,1.34351e+07
-21,6948,0,69168,6945,-2583,-447,12000,0,1.34351e+07
0,7092,0,68912,7083,-2600,-443,12000,0,1.34351e+07
-14,7227,0,68475,7220,-2616,-443,12000,0,1.34351e+07
-21,7362,0,68463,7358,-2631,-457,12000,0,1.34351e+07
-17,7497,0,68864,7495,-2646,-456,12000,0,1.34351e+07
-11,7641,0,68621,7633,-2660,-452,12000,0,1.34351e+07
-8,7776,0,68729,7770,-2676,-465,12000,0,1.34351e+07
-16,7911,0,68928,7908,-2692,-466,12000,0,1.34351e+07
-20,8055,0,68890,8045,-2711,-461,12000,0,1.34351e+07
-12,8190,0,68950,8183,-2727,-461,12000,0,1.34351e+07
-9,8325,0,68584,8321,-2740,-474,12000,0,1.34351e+07
-22,8460,0,68579,8458,-2751,-473,12000,0,1.34351e+07
-13,8604,0,68857,8596,-2765,-469,12000,0,1.34351e+07
-6,8739,0,68629,8733,-2778,-482,12000,0,1.34351e+07
-18,8874,0,68409,8873,-2792,-482,12000,0,1.34351e+07
-19,9018,0,68987,9010,-2812,-478,12000,0,1.34351e+07
-4,9153,0,69172,9148,-2828,-478,12000,0,1.34351e+07
-7,9288,0,68575,9286,-2843,-488,12000,0,1.34351e+07
-19,9432,0,68821,9423,-2854,-484,12000,0,1.34351e+07
-13,9567,0,68890,9561,-2866,-497,12000,0,1.34351e+07
-3,9702,0,68995,9698,-2883,-497,12000,0,1.34351e+07
-10,9837,0,69197,9837,-2902,-492,12000,0,1.34351e+07
-10,9981,0,68379,9974,-2916,-491,12000,0,1.34351e+07
-14,10116,0,68855,10112,-2927,-504,12000,0,1.34351e+07
-15,10251,0,69322,10251,-2945,-499,12000,0,1.34351e+07
-10,10395,0,68436,10388,-2955,-497,12000,0,1.34351e+07
-21,10530,0,68957,10526,-2963,-511,12000,0,1.34351e+07
-12,10665,0,68896,10663,-2974,-510,12000,0,1.34351e+07
-6,10809,0,68404,10800,-2985,-506,12000,0,1.34351e+07
-12,10944,0,68504,10938,-2998,-507,12000,0,1.34351e+07
-25,11079,0,68420,11075,-3011,-519,12000,0,1.34351e+07
-4,11214,0,68455,11212,-3025,-518,12000,0,1.34351e+07
-10,11358,0,68642,11350,-3041,-515,12000,0,1.34351e+07
-18,11493,0,68466,11487,-3052,-527,12000,0,1.34351e+07
-13,11628,0,68866,11627,-3072,-527,12000,0,1.34351e+07
-6,11772,0,69051,11765,-3091,-523,12000,0,1.34351e+07
-6,11907,0,68720,11903,-3104,-522,12000,0,1.34351e+07
-19,12042,0,68690,12040,-3113,-532,12000,0,1.34351e+07
-22,12186,0,68829,12178,-3123,-528,12000,0,1.34351e+07
-10,12321,0,68744,12315,-3134,-540,12000,0,1.34351e+07
-17,12456,0,68330,12452,-3146,-540,12000,0,1.34351e+07
-27,12591,0,68740,12590,-3162,-539,12000,0,1.34351e+07
-10,12735,0,68929,12727,-3177,-536,12000,0,1.34351e+07
-13,12870,0,68627,12865,-3193,-547,12000,0,1.34351e+07
-19,13005,0,69126,13003,-3209,-547,12000,0,1.34351e+07
-19,13149,0,68939,13140,-3220,-543,12000,0,1.34351e+07
-8,13284,0,68493,13278,-3232,-543,12000,0,1.34351e+07
-9,13419,0,69303,13416,-3249,-554,12000,0,1.34351e+07
-7,13563,0,68636,13554,-3260,-549,12000,0,1.34351e+07
-19,13698,0,68822,13692,-3270,-549,12000,0,1.34351e+07
-19,13833,0,69530,13830,-3282,-560,12000,0,1.34351e+07
-2,13977,0,69106,13968,-3293,-556,12000,0,1.34351e+07
-19,14112,0,68258,14106,-3297,-555,12000,0,1.34351e+07
-19,14247,0,69067,14243,-3305,-567,12000,0,1.34351e+07
-13,14382,0,68660,14383,-3317,-564,12000,0,1.34351e+07
-9,14526,0,67938,14520,-3327,-563,12000,0,1.34351e+07
-23,14661,0,69063,14657,-3341,-574,12000,0,1.34351e+07
-12,14796,0,68438,14794,-3353,-572,12000,0,1.34351e+07
-13,14940,0,68625,14932,-3369,-569,12000,0,1.34351e+07
-13,15075,0,68771,15069,-3383,-580,12000,0,1.34351e+07
-26,15210,0,68837,15207,-3398,-580,12000,0,1.34351e+07
-3,15345,0,69162,15345,-3416,-576,12000,0,1.34351e+07
-6,15489,0,68373,15482,-3429,-575,12000,0,1.34351e+07
-18,15624,0,68923,15620,-3437,-586,12000,0,1.34351e+07
-19,15759,0,68768,15757,-3447,-586,12000,0,1.34351e+07
-12,15903,0,68537,15895,-3458,-582,12000,0,1.34351e+07
-12,16038,0,68342,16032,-3469,-582,12000,0,1.34351e+07
-22,16173,0,68877,16170,-3479,-594,12000,0,1.34351e+07
-12,16317,0,69189,16308,-3492,-590,12000,0,1.34351e+07
-18,16452,0,68416,16445,-3503,-588,12000,0,1.34351e+07
-7,16587,0,68927,16583,-3513,-600,12000,0,1.34351e+07
-19,16722,0,68908,16720,-3522,-599,12000,0,1.34351e+07
-10,16866,0,68518,16858,-3533,-596,12000,0,1.34351e+07
-10,17001,0,69129,16995,-3548,-606,12000,0,1.34351e+07
-6,17136,0,68860,17136,-3565,-605,12000,0,1.34351e+07
-22,17280,0,68525,17274,-3577,-602,12000,0,1.34351e+07
-16,17415,0,69223,17411,-3587,-611,12000,0,1.34351e+07
-2,17550,0,69155,17550,-3601,-606,12000,0,1.34351e+07
-8,17694,0,68530,17687,-3608,-606,12000,0,1.34351e+07
-19,17829,0,69046,17825,-3616,-617,12000,0,1.34351e+07
-15,17964,0,68854,17962,-3625,-616,12000,0,1.34351e+07
-2,18108,0,68587,18099,-3636,-613,12000,0,1.34351e+07
-22,18243,0,68375,18237,-3646,-613,12000,0,1.34351e+07
-10,18378,0,68844,18374,-3657,-624,12000,0,1.34351e+07
-11,18513,0,68629,18511,-3670,-623,12000,0,1.34351e+07
-15,18657,0,68468,18649,-3680,-620,12000,0,1.34351e+07
-19,18792,0,68314,18786,-3691,-620,12000,0,1.34351e+07
-4,18927,0,68716,18923,-3703,-631,12000,0,1.34351e+07
-10,19062,0,68655,19061,-3717,-628,12000,0,1.34351e+07
-15,19206,0,68496,19198,-3726,-627,12000,0,1.34351e+07
-19,19341,0,68882,19336,-3738,-636,12000,0,1.34351e+07
-9,19476,0,69299,19474,-3753,-636,12000,0,1.34351e+07
-6,19620,0,68509,19611,-3763,-633,12000,0,1.34351e+07
-19,19755,0,68749,19749,-3770,-633,12000,0,1.34351e+07
-23,19890,0,68785,19888,-3778,-643,12000,0,1.34351e+07
-8,20034,0,68928,20026,-3791,-641,12000,0,1.34351e+07
-9,20169,0,69228,20164,-3804,-647,12000,0,1.34351e+07
-21,20304,0,68683,20301,-3814,-647,12000,0,1.34351e+07
-15,20439,0,69056,20439,-3826,-644,12000,0,1.34351e+07
-16,20583,0,68812,20577,-3836,-644,12000,0,1.34351e+07
-12,20718,0,68565,20714,-3844,-653,12000,0,1.34351e+07
-21,20853,0,69181,20853,-3857,-650,12000,0,1.34351e+07
-9,20997,0,68681,20990,-3867,-649,12000,0,1.34351e+07
-4,21132,0,68894,21128,-3873,-659,12000,0,1.34351e+07
-19,21267,0,68762,21265,-3883,-658,12000,0,1.34351e+07
-20,21411,0,68510,21403,-3892,-655,12000,0,1.34351e+07
-12,21546,0,68530,21540,-3902,-655,12000,0,1.34351e+07
-16,21681,0,68228,21677,-3911,-665,12000,0,1.34351e+07
-19,21816,0,68800,21814,-3921,-665,12000,0,1.34351e+07
-14,21960,0,68687,21951,-3933,-662,12000,0,1.34351e+07
-21,22095,0,68262,22089,-3946,-662,12000,0,1.34351e+07
-15,22230,0,68378,22226,-3955,-672,12000,0,1.34351e+07
-18,22365,0,69016,22364,-3968,-669,12000,0,1.34351e+07
-11,22509,0,68757,22502,-3981,-668,12000,0,1.34351e+07
-13,22644,0,69309,22642,-3995,-678,12000,0,1.34351e+07
-10,22779,0,68332,22779,-4001,-677,12000,0,1.34351e+07
-22,22923,0,68875,22917,-4012,-673,12000,0,1.34351e+07
2,23058,0,68810,23054,-4021,-682,12000,0,1.34351e+07
-9,23193,0,68807,23192,-4032,-679,12000,0,1.34351e+07
-14,23337,0,68402,23329,-4038,-678,12000,0,1.34351e+07
-22,23472,0,68926,23467,-4047,-688,12000,0,1.34351e+07
-12,23607,0,69137,23605,-4062,-687,12000,0,1.34351e+07
-7,23751,0,68969,23742,-4074,-684,12000,0,1.34351e+07
-22,23886,0,68376,23880,-4082,-684,12000,0,1.34351e+07
-19,24021,0,68862,24017,-4092,-693,12000,0,1.34351e+07
-14,24156,0,68985,24155,-4105,-690,12000,0,1.34351e+07
-9,24300,0,68948,24293,-4117,-689,12000,0,1.34351e+07
-24,24435,0,68874,24431,-4122,-698,12000,0,1.34351e+07
-3,24570,0,68740,24569,-4131,-698,12000,0,1.34351e+07
-9,24714,0,68508,24706,-4140,-694,12000,0,1.34351e+07
-20,24849,0,69038,24844,-4149,-704,12000,0,1.34351e+07
-22,24984,0,69030,24982,-4158,-703,12000,0,1.34351e+07
0,25128,0,68785,25119,-4168,-700,12000,0,1.34351e+07
-10,25263,0,68722,25257,-4177,-700,12000,0,1.34351e+07
-13,25398,0,68757,25396,-4185,-709,12000,0,1.34351e+07
-16,25533,0,68598,25533,-4192,-709,12000,0,1.34351e+07
-13,25677,0,68755,25671,-4203,-705,12000,0,1.34351e+07
-13,25812,0,68652,25808,-4213,-714,12000,0,1.34351e+07
1,25947,0,68643,25945,-4223,-714,-11989,0,1.34351e+07
844,26082,0,65067,26079,-4207,-706,-11989,0,1.34351e+07
842,26172,0,50968,26190,-4025,-694,-11989,0,1.34351e+07
780,26235,0,35454,26263,-3660,-680,-11989,0,1.34351e+07
682,26271,0,20468,26297,-3233,-668,-11989,0,1.34351e+07
585,26280,0,6247,26301,-2857,-655,-11989,0,1.34351e+07
553,26262,0,-7057,26280,-2586,-642,-11989,0,1.34351e+07
439,26235,0,-19420,26240,-2419,-631,-11989,0,1.34351e+07
368,26181,0,-30204,26186,-2362,-622,-11989,0,1.34351e+07
319,26118,0,-39091,26121,-2374,-613,-11989,0,1.34351e+07
253,26046,0,-40322,26045,-2428,-609,-11989,0,1.34351e+07
234,25965,0,-40938,25960,-2509,-607,-11989,0,1.34351e+07
213,25875,0,-45526,25869,-2612,-601,-11989,0,1.34351e+07
187,25776,0,-49701,25771,-2714,-596,-11989,0,1.34351e+07
169,25668,0,-51949,25668,-2813,-598,-11989,0,1.34351e+07
136,25560,0,-54526,25560,-2903,-595,-11989,0,1.34351e+07
130,25452,0,-57010,25446,-2979,-584,-11989,0,1.34351e+07
112,25335,0,-58569,25330,-3045,-581,-11989,0,1.34351e+07
115,25209,0,-59984,25210,-3097,-586,-11989,0,1.34351e+07
90,25092,0,-61555,25088,-3143,-579,-11989,0,1.34351e+07
88,24966,0,-62889,24963,-3182,-573,-11989,0,1.34351e+07
73,24840,0,-63584,24837,-3214,-574,-11989,0,1.34351e+07
96,24705,0,-64123,24709,-3240,-574,-11989,0,1.34351e+07
61,24579,0,-65043,24579,-3261,-564,-11989,0,1.34351e+07
63,24444,0,-65654,24448,-3275,-569,-11989,0,1.34351e+07
52,24309,0,-66614,24315,-3281,-565,-11989,0,1.34351e+07
69,24183,0,-67025,24181,-3287,-561,-11989,0,1.34351e+07
46,24048,0,-66848,24048,-3298,-554,-11989,0,1.34351e+07
53,23913,0,-67353,23914,-3304,-552,-11989,0,1.34351e+07
37,23778,0,-67555,23778,-3305,-550,-11989,0,1.34351e+07
51,23643,0,-68560,23643,-3302,-548,-11989,0,1.34351e+07
37,23499,0,-68331,23506,-3293,-551,-11989,0,1.34351e+07
50,23364,0,-68091,23370,-3285,-551,-11989,0,1.34351e+07
33,23229,0,-68492,23233,-3282,-538,-11989,0,1.34351e+07
45,23094,0,-68766,23096,-3274,-537,-11989,0,1.34351e+07
35,22950,0,-69151,22958,-3263,-541,-11989,0,1.34351e+07
38,22815,0,-68963,22818,-3256,-542,-11989,0,1.34351e+07
38,22680,0,-68918,22680,-3247,-530,-11989,0,1.34351e+07
30,22536,0,-68743,22542,-3240,-537,-11989,0,1.34351e+07
31,22401,0,-69245,22404,-3233,-525,-11989,0,1.34351e+07
33,22266,0,-69137,22266,-3224,-529,-11989,0,1.34351e+07
68,22122,0,-68981,22128,-3213,-531,-11989,0,1.34351e+07
31,21987,0,-68781,21990,-3206,-519,-11989,0,1.34351e+07
40,21843,0,-69430,21851,-3191,-524,-11989,0,1.34351e+07
28,21708,0,-69494,21712,-3180,-513,-11989,0,1.34351e+07
39,21573,0,-69216,21574,-3167,-515,-11989,0,1.34351e+07
26,21429,0,-69444,21435,-3153,-520,-11989,0,1.34351e+07
32,21294,0,-69812,21296,-3137,-509,-11989,0,1.34351e+07
30,21150,0,-69067,21157,-3129,-514,-11989,0,1.34351e+07
36,21015,0,-69545,21018,-3114,-503,-11989,0,1.34351e+07
19,20871,0,-69542,20878,-3096,-509,-11989,0,1.34351e+07
32,20736,0,-69588,20739,-3083,-498,-11989,0,1.34351e+07
59,20592,0,-69381,20600,-3070,-504,-11989,0,1.34351e+07
28,20457,0,-69557,20461,-3062,-493,-11989,0,1.34351e+07
40,20322,0,-69435,20322,-3053,-497,-11989,0,1.34351e+07
31,20178,0,-69680,20183,-3041,-487,-11989,0,1.34351e+07
37,20043,0,-69297,20042,-3026,-489,-11989,0,1.34351e+07
28,19899,0,-69452,19903,-3013,-495,-11989,0,1.34351e+07
46,19764,0,-69530,19765,-2996,-485,-11989,0,1.34351e+07
31,19620,0,-69285,19626,-2982,-491,-11989,0,1.34351e+07
34,19485,0,-69492,19487,-2969,-478,-11989,0,1.34351e+07
28,19341,0,-69181,19348,-2956,-484,-11989,0,1.34351e+07
33,19206,0,-69629,19210,-2944,-472,-11989,0,1.34351e+07
48,19071,0,-69057,19071,-2934,-475,-11989,0,1.34351e+07
37,18927,0,-69133,18933,-2919,-479,-11989,0,1.34351e+07
36,18792,0,-69553,18794,-2904,-467,-11989,0,1.34351e+07
30,18648,0,-69083,18655,-2890,-473,-11989,0,1.34351e+07
70,18513,0,-69165,18517,-2879,-460,-11989,0,1.34351e+07
31,18378,0,-69091,18379,-2863,-461,-11989,0,1.34351e+07
43,18234,0,-69533,18240,-2843,-466,-11989,0,1.34351e+07
37,18099,0,-69251,18102,-2827,-454,-11989,0,1.34351e+07
43,17955,0,-69356,17963,-2810,-460,-11989,0,1.34351e+07
26,17820,0,-69564,17824,-2796,-448,-11989,0,1.34351e+07
38,17676,0,-69532,17685,-2782,-453,-11989,0,1.34351e+07
34,17541,0,-69439,17546,-2767,-455,-11989,0,1.34351e+07
35,17406,0,-69833,17406,-2751,-447,-11989,0,1.34351e+07
35,17262,0,-69711,17265,-2738,-436,-11989,0,1.34351e+07
39,17118,0,-69448,17126,-2724,-438,-11989,0,1.34351e+07
61,16983,0,-69704,16986,-2708,-432,-11989,0,1.34351e+07
23,16848,0,-69508,16847,-2689,-440,-11989,0,1.34351e+07
33,16704,0,-69524,16708,-2677,-427,-11989,0,1.34351e+07
33,16569,0,-69753,16569,-2663,-432,-11989,0,1.34351e+07
41,16425,0,-69366,16430,-2648,-435,-11989,0,1.34351e+07
28,16290,0,-69348,16291,-2636,-422,-11989,0,1.34351e+07
38,16146,0,-69656,16152,-2621,-428,-11989,0,1.34351e+07
25,16011,0,-69628,16013,-2605,-415,-11989,0,1.34351e+07
30,15867,0,-69067,15874,-2594,-422,-11989,0,1.34351e+07
25,15732,0,-69391,15736,-2580,-408,-11989,0,1.34351e+07
25,15588,0,-69722,15596,-2561,-415,-11989,0,1.34351e+07
44,15453,0,-69499,15458,-2548,-401,-11989,0,1.34351e+07
29,15318,0,-69334,15319,-2530,-404,-11989,0,1.34351e+07
32,15174,0,-69323,15180,-2512,-410,-11989,0,1.34351e+07
25,15039,0,-68951,15042,-2498,-395,-11989,0,1.34351e+07
46,14895,0,-69180,14903,-2479,-402,-11989,0,1.34351e+07
27,14760,0,-69381,14765,-2467,-387,-11989,0,1.34351e+07
32,14625,0,-69317,14626,-2448,-389,-11989,0,1.34351e+07
31,14481,0,-69554,14485,-2428,-395,-11989,0,1.34351e+07
33,14346,0,-69459,14347,-2408,-380,-11989,0,1.34351e+07
25,14202,0,-69254,14208,-2389,-390,-11989,0,1.34351e+07
34,14067,0,-69867,14069,-2372,-375,-11989,0,1.34351e+07
62,13923,0,-69324,13930,-2357,-383,-11989,0,1.34351e+07
29,13788,0,-69375,13791,-2341,-368,-11989,0,1.34351e+07
32,13644,0,-69539,13652,-2321,-375,-11989,0,1.34351e+07
33,13509,0,-69878,13513,-2302,-360,-11989,0,1.34351e+07
49,13365,0,-69804,13373,-2282,-369,-11989,0,1.34351e+07
22,13230,0,-69533,13234,-2267,-354,-11989,0,1.34351e+07
42,13095,0,-69382,13095,-2253,-361,-11989,0,1.34351e+07
29,12951,0,-69240,12956,-2236,-363,-11989,0,1.34351e+07
